Number,Method,ddG
331,DeepDDG,00.39
331,mCSM,00.20
331,Simba_IB,00.44
331,Simba_SYM,00.63
332,DeepDDG,01.37
332,mCSM,00.59
332,Simba_IB,01.26
332,Simba_SYM,01.03
333,DeepDDG,00.46
333,mCSM,00.26
333,Simba_IB,00.42
333,Simba_SYM,00.55
334,DeepDDG,00.47
334,mCSM,00.27
334,Simba_IB,00.15
334,Simba_SYM,00.17
335,DeepDDG,00.71
335,mCSM,00.70
335,Simba_IB,00.15
335,Simba_SYM,00.18
336,DeepDDG,03.38
336,mCSM,01.04
336,Simba_IB,01.34
336,Simba_SYM,01.32
337,DeepDDG,01.25
337,mCSM,00.75
337,Simba_IB,00.60
337,Simba_SYM,00.62
338,DeepDDG,03.00
338,mCSM,01.76
338,Simba_IB,02.15
338,Simba_SYM,01.84
339,DeepDDG,00.20
339,mCSM,00.67
339,Simba_IB,00.37
339,Simba_SYM,00.60
340,DeepDDG,00.44
340,mCSM,00.17
340,Simba_IB,00.26
340,Simba_SYM,00.22
341,DeepDDG,03.75
341,mCSM,01.27
341,Simba_IB,01.57
341,Simba_SYM,01.49
342,DeepDDG,03.70
342,mCSM,00.98
342,Simba_IB,02.27
342,Simba_SYM,01.95
343,DeepDDG,00.35
343,mCSM,00.32
343,Simba_IB,00.53
343,Simba_SYM,00.74
344,DeepDDG,01.04
344,mCSM,00.62
344,Simba_IB,00.72
344,Simba_SYM,00.87
345,DeepDDG,00.36
345,mCSM,00.24
345,Simba_IB,00.24
345,Simba_SYM,00.30
346,DeepDDG,00.53
346,mCSM,00.24
346,Simba_IB,00.36
346,Simba_SYM,00.25
347,DeepDDG,03.72
347,mCSM,01.51
347,Simba_IB,02.18
347,Simba_SYM,01.83
348,DeepDDG,01.28
348,mCSM,00.73
348,Simba_IB,00.77
348,Simba_SYM,00.92
349,DeepDDG,01.75
349,mCSM,00.52
349,Simba_IB,00.88
349,Simba_SYM,01.22
350,DeepDDG,02.50
350,mCSM,01.62
350,Simba_IB,01.47
350,Simba_SYM,01.46
351,DeepDDG,01.83
351,mCSM,02.05
351,Simba_IB,01.65
351,Simba_SYM,01.39
352,DeepDDG,00.81
352,mCSM,00.81
352,Simba_IB,00.79
352,Simba_SYM,00.95
353,DeepDDG,03.17
353,mCSM,02.60
353,Simba_IB,02.90
353,Simba_SYM,02.55
354,DeepDDG,00.66
354,mCSM,00.59
354,Simba_IB,00.25
354,Simba_SYM,00.33
355,DeepDDG,01.76
355,mCSM,01.33
355,Simba_IB,00.79
355,Simba_SYM,00.81
356,DeepDDG,01.00
356,mCSM,00.37
356,Simba_IB,00.58
356,Simba_SYM,00.58
357,DeepDDG,00.76
357,mCSM,00.45
357,Simba_IB,00.41
357,Simba_SYM,00.31
358,DeepDDG,04.35
358,mCSM,01.74
358,Simba_IB,02.13
358,Simba_SYM,01.83
359,DeepDDG,01.18
359,mCSM,00.54
359,Simba_IB,00.52
359,Simba_SYM,00.77
360,DeepDDG,00.91
360,mCSM,00.26
360,Simba_IB,00.14
360,Simba_SYM,00.15
361,DeepDDG,03.54
361,mCSM,00.82
361,Simba_IB,01.48
361,Simba_SYM,01.46
362,DeepDDG,02.50
362,mCSM,01.34
362,Simba_IB,01.30
362,Simba_SYM,01.22
363,DeepDDG,01.33
363,mCSM,00.98
363,Simba_IB,00.96
363,Simba_SYM,01.16
364,DeepDDG,01.28
364,mCSM,00.63
364,Simba_IB,00.87
364,Simba_SYM,01.41
365,DeepDDG,02.13
365,mCSM,01.66
365,Simba_IB,02.12
365,Simba_SYM,01.78
366,DeepDDG,00.43
366,mCSM,00.35
366,Simba_IB,00.52
366,Simba_SYM,00.78
367,DeepDDG,00.80
367,mCSM,00.51
367,Simba_IB,00.29
367,Simba_SYM,00.22
368,DeepDDG,02.86
368,mCSM,00.81
368,Simba_IB,02.00
368,Simba_SYM,01.70
369,DeepDDG,01.47
369,mCSM,01.29
369,Simba_IB,01.69
369,Simba_SYM,01.42
370,DeepDDG,00.35
370,mCSM,00.35
370,Simba_IB,00.16
370,Simba_SYM,00.16
371,DeepDDG,00.72
371,mCSM,00.41
371,Simba_IB,00.24
371,Simba_SYM,00.37
372,DeepDDG,00.37
372,mCSM,00.44
372,Simba_IB,00.29
372,Simba_SYM,00.42
373,DeepDDG,00.45
373,mCSM,00.62
373,Simba_IB,00.45
373,Simba_SYM,00.68
374,DeepDDG,02.96
374,mCSM,01.26
374,Simba_IB,02.01
374,Simba_SYM,01.71
375,DeepDDG,00.64
375,mCSM,00.53
375,Simba_IB,00.37
375,Simba_SYM,00.56
376,DeepDDG,01.19
376,mCSM,00.46
376,Simba_IB,00.65
376,Simba_SYM,00.72
377,DeepDDG,02.62
377,mCSM,01.73
377,Simba_IB,01.82
377,Simba_SYM,01.55
378,DeepDDG,00.65
378,mCSM,00.47
378,Simba_IB,00.46
378,Simba_SYM,00.44
379,DeepDDG,03.18
379,mCSM,00.95
379,Simba_IB,00.88
379,Simba_SYM,01.00
380,DeepDDG,01.52
380,mCSM,01.35
380,Simba_IB,01.18
380,Simba_SYM,00.94
381,DeepDDG,02.05
381,mCSM,00.49
381,Simba_IB,00.79
381,Simba_SYM,01.25
382,DeepDDG,02.22
382,mCSM,01.67
382,Simba_IB,01.63
382,Simba_SYM,01.54
383,DeepDDG,00.80
383,mCSM,00.71
383,Simba_IB,01.03
383,Simba_SYM,01.53
384,DeepDDG,01.90
384,mCSM,01.31
384,Simba_IB,00.96
384,Simba_SYM,01.01
385,DeepDDG,00.41
385,mCSM,00.61
385,Simba_IB,00.43
385,Simba_SYM,00.46
386,DeepDDG,00.83
386,mCSM,00.77
386,Simba_IB,00.70
386,Simba_SYM,00.74
387,DeepDDG,02.98
387,mCSM,01.75
387,Simba_IB,02.16
387,Simba_SYM,01.85
388,DeepDDG,01.15
388,mCSM,00.61
388,Simba_IB,00.72
388,Simba_SYM,01.13
389,DeepDDG,00.82
389,mCSM,00.42
389,Simba_IB,00.79
389,Simba_SYM,01.31
390,DeepDDG,03.08
390,mCSM,01.91
390,Simba_IB,02.24
390,Simba_SYM,01.93
391,DeepDDG,03.44
391,mCSM,00.98
391,Simba_IB,01.40
391,Simba_SYM,01.38
392,DeepDDG,04.28
392,mCSM,01.95
392,Simba_IB,02.44
392,Simba_SYM,02.11
393,DeepDDG,02.17
393,mCSM,00.94
393,Simba_IB,01.06
393,Simba_SYM,01.13
394,DeepDDG,01.25
394,mCSM,00.64
394,Simba_IB,00.84
394,Simba_SYM,01.33
395,DeepDDG,04.11
395,mCSM,01.50
395,Simba_IB,01.62
395,Simba_SYM,01.55
396,DeepDDG,04.24
396,mCSM,02.09
396,Simba_IB,02.12
396,Simba_SYM,01.81
397,DeepDDG,02.35
397,mCSM,01.13
397,Simba_IB,01.04
397,Simba_SYM,01.40
398,DeepDDG,01.51
398,mCSM,01.14
398,Simba_IB,01.82
398,Simba_SYM,02.88
399,DeepDDG,02.36
399,mCSM,00.85
399,Simba_IB,01.04
399,Simba_SYM,01.44
400,DeepDDG,03.34
400,mCSM,01.78
400,Simba_IB,02.06
400,Simba_SYM,01.60
401,DeepDDG,03.71
401,mCSM,01.39
401,Simba_IB,01.73
401,Simba_SYM,01.56
402,DeepDDG,03.16
402,mCSM,01.86
402,Simba_IB,02.00
402,Simba_SYM,01.55
403,DeepDDG,01.03
403,mCSM,01.50
403,Simba_IB,00.87
403,Simba_SYM,00.92
404,DeepDDG,01.30
404,mCSM,01.11
404,Simba_IB,00.84
404,Simba_SYM,01.39
405,DeepDDG,00.33
405,mCSM,00.41
405,Simba_IB,00.74
405,Simba_SYM,01.21
406,DeepDDG,01.50
406,mCSM,00.96
406,Simba_IB,00.98
406,Simba_SYM,01.55
407,DeepDDG,03.34
407,mCSM,01.19
407,Simba_IB,01.21
407,Simba_SYM,01.17
408,DeepDDG,00.55
408,mCSM,00.31
408,Simba_IB,00.38
408,Simba_SYM,00.30
409,DeepDDG,01.45
409,mCSM,00.73
409,Simba_IB,00.95
409,Simba_SYM,01.03
410,DeepDDG,01.03
410,mCSM,01.66
410,Simba_IB,00.88
410,Simba_SYM,00.42
411,DeepDDG,01.06
411,mCSM,00.96
411,Simba_IB,00.94
411,Simba_SYM,01.10
412,DeepDDG,01.94
412,mCSM,01.30
412,Simba_IB,00.78
412,Simba_SYM,00.79
413,DeepDDG,02.02
413,mCSM,00.94
413,Simba_IB,00.74
413,Simba_SYM,01.15
414,DeepDDG,00.86
414,mCSM,00.41
414,Simba_IB,00.74
414,Simba_SYM,00.86
415,DeepDDG,01.35
415,mCSM,00.67
415,Simba_IB,00.74
415,Simba_SYM,00.79
416,DeepDDG,02.40
416,mCSM,01.02
416,Simba_IB,00.89
416,Simba_SYM,01.39
417,DeepDDG,00.93
417,mCSM,01.00
417,Simba_IB,00.90
417,Simba_SYM,01.00
418,DeepDDG,02.34
418,mCSM,02.35
418,Simba_IB,01.81
418,Simba_SYM,01.42
419,DeepDDG,02.15
419,mCSM,01.45
419,Simba_IB,01.12
419,Simba_SYM,01.29
420,DeepDDG,00.67
420,mCSM,00.60
420,Simba_IB,00.99
420,Simba_SYM,01.63
421,DeepDDG,01.81
421,mCSM,01.95
421,Simba_IB,01.54
421,Simba_SYM,01.29
422,DeepDDG,01.84
422,mCSM,01.54
422,Simba_IB,00.42
422,Simba_SYM,00.77
423,DeepDDG,02.12
423,mCSM,01.12
423,Simba_IB,01.07
423,Simba_SYM,00.63
424,DeepDDG,01.47
424,mCSM,01.08
424,Simba_IB,00.85
424,Simba_SYM,00.96
425,DeepDDG,03.00
425,mCSM,01.80
425,Simba_IB,01.68
425,Simba_SYM,01.21
426,DeepDDG,02.54
426,mCSM,01.52
426,Simba_IB,01.04
426,Simba_SYM,01.09
427,DeepDDG,00.46
427,mCSM,00.35
427,Simba_IB,00.26
427,Simba_SYM,00.38
428,DeepDDG,00.40
428,mCSM,00.23
428,Simba_IB,00.59
428,Simba_SYM,00.83
429,DeepDDG,02.92
429,mCSM,01.25
429,Simba_IB,01.67
429,Simba_SYM,01.28
430,DeepDDG,01.03
430,mCSM,00.56
430,Simba_IB,00.69
430,Simba_SYM,00.74
431,DeepDDG,02.00
431,mCSM,00.17
431,Simba_IB,01.29
431,Simba_SYM,02.29
432,DeepDDG,03.02
432,mCSM,00.47
432,Simba_IB,00.59
432,Simba_SYM,01.15
433,DeepDDG,02.52
433,mCSM,01.42
433,Simba_IB,00.78
433,Simba_SYM,00.87
434,DeepDDG,03.80
434,mCSM,01.79
434,Simba_IB,01.95
434,Simba_SYM,01.64
435,DeepDDG,03.18
435,mCSM,00.79
435,Simba_IB,01.09
435,Simba_SYM,01.34
436,DeepDDG,03.00
436,mCSM,02.03
436,Simba_IB,02.69
436,Simba_SYM,02.40
437,DeepDDG,00.96
437,mCSM,00.67
437,Simba_IB,00.65
437,Simba_SYM,01.02
438,DeepDDG,01.42
438,mCSM,00.77
438,Simba_IB,01.15
438,Simba_SYM,01.85
439,DeepDDG,01.33
439,mCSM,00.50
439,Simba_IB,00.87
439,Simba_SYM,01.37
440,DeepDDG,00.27
440,mCSM,00.31
440,Simba_IB,00.70
440,Simba_SYM,01.03
441,DeepDDG,01.00
441,mCSM,00.33
441,Simba_IB,00.52
441,Simba_SYM,00.36
442,DeepDDG,01.01
442,mCSM,00.63
442,Simba_IB,01.41
442,Simba_SYM,02.33
443,DeepDDG,01.04
443,mCSM,00.73
443,Simba_IB,00.90
443,Simba_SYM,01.28
444,DeepDDG,00.72
444,mCSM,00.25
444,Simba_IB,00.34
444,Simba_SYM,00.24
445,DeepDDG,00.40
445,mCSM,00.39
445,Simba_IB,00.60
445,Simba_SYM,00.68
446,DeepDDG,00.48
446,mCSM,00.58
446,Simba_IB,00.22
446,Simba_SYM,00.25
447,DeepDDG,01.27
447,mCSM,00.69
447,Simba_IB,00.49
447,Simba_SYM,00.82
448,DeepDDG,02.16
448,mCSM,00.66
448,Simba_IB,01.00
448,Simba_SYM,01.60
449,DeepDDG,00.95
449,mCSM,00.47
449,Simba_IB,00.43
449,Simba_SYM,00.27
450,DeepDDG,00.41
450,mCSM,00.27
450,Simba_IB,00.33
450,Simba_SYM,00.43
451,DeepDDG,02.86
451,mCSM,01.44
451,Simba_IB,02.12
451,Simba_SYM,01.81
452,DeepDDG,01.99
452,mCSM,01.20
452,Simba_IB,01.56
452,Simba_SYM,01.30
453,DeepDDG,03.23
453,mCSM,01.78
453,Simba_IB,01.93
453,Simba_SYM,01.65
454,DeepDDG,01.50
454,mCSM,01.28
454,Simba_IB,01.20
454,Simba_SYM,01.25
455,DeepDDG,02.30
455,mCSM,01.86
455,Simba_IB,01.85
455,Simba_SYM,01.56
456,DeepDDG,01.76
456,mCSM,01.19
456,Simba_IB,01.65
456,Simba_SYM,01.38
457,DeepDDG,01.03
457,mCSM,00.87
457,Simba_IB,00.83
457,Simba_SYM,00.77
458,DeepDDG,00.47
458,mCSM,00.24
458,Simba_IB,00.47
458,Simba_SYM,00.58
459,DeepDDG,00.38
459,mCSM,00.38
459,Simba_IB,00.20
459,Simba_SYM,00.31
460,DeepDDG,00.39
460,mCSM,00.34
460,Simba_IB,00.15
460,Simba_SYM,00.15
461,DeepDDG,02.71
461,mCSM,01.68
461,Simba_IB,02.05
461,Simba_SYM,01.68
462,DeepDDG,00.71
462,mCSM,00.31
462,Simba_IB,00.35
462,Simba_SYM,00.26
463,DeepDDG,02.11
463,mCSM,01.15
463,Simba_IB,00.66
463,Simba_SYM,00.65
464,DeepDDG,02.15
464,mCSM,01.97
464,Simba_IB,02.11
464,Simba_SYM,01.81
465,DeepDDG,01.09
465,mCSM,00.67
465,Simba_IB,00.83
465,Simba_SYM,01.27
466,DeepDDG,01.25
466,mCSM,00.77
466,Simba_IB,00.81
466,Simba_SYM,00.81
467,DeepDDG,01.16
467,mCSM,00.46
467,Simba_IB,01.13
467,Simba_SYM,01.85
468,DeepDDG,01.17
468,mCSM,00.90
468,Simba_IB,01.19
468,Simba_SYM,00.97
469,DeepDDG,00.84
469,mCSM,00.49
469,Simba_IB,00.70
469,Simba_SYM,01.02
470,DeepDDG,00.71
470,mCSM,00.56
470,Simba_IB,00.24
470,Simba_SYM,00.27
471,DeepDDG,00.47
471,mCSM,00.21
471,Simba_IB,00.21
471,Simba_SYM,00.18
472,DeepDDG,01.41
472,mCSM,01.46
472,Simba_IB,01.48
472,Simba_SYM,01.25
473,DeepDDG,02.89
473,mCSM,01.66
473,Simba_IB,01.55
473,Simba_SYM,01.30
474,DeepDDG,01.04
474,mCSM,00.49
474,Simba_IB,00.42
474,Simba_SYM,00.43
475,DeepDDG,00.57
475,mCSM,00.62
475,Simba_IB,00.36
475,Simba_SYM,00.48
476,DeepDDG,01.09
476,mCSM,00.67
476,Simba_IB,00.44
476,Simba_SYM,00.73
477,DeepDDG,00.23
477,mCSM,00.36
477,Simba_IB,00.45
477,Simba_SYM,00.61
478,DeepDDG,00.50
478,mCSM,00.36
478,Simba_IB,00.15
478,Simba_SYM,00.19
479,DeepDDG,01.05
479,mCSM,00.27
479,Simba_IB,00.18
479,Simba_SYM,00.22
480,DeepDDG,03.91
480,mCSM,00.54
480,Simba_IB,01.21
480,Simba_SYM,01.18
481,DeepDDG,00.54
481,mCSM,00.17
481,Simba_IB,00.69
481,Simba_SYM,01.02
482,DeepDDG,01.44
482,mCSM,00.70
482,Simba_IB,00.23
482,Simba_SYM,00.24
483,DeepDDG,00.80
483,mCSM,00.36
483,Simba_IB,00.15
483,Simba_SYM,00.21
484,DeepDDG,00.61
484,mCSM,00.29
484,Simba_IB,00.25
484,Simba_SYM,00.21
485,DeepDDG,01.50
485,mCSM,00.67
485,Simba_IB,00.36
485,Simba_SYM,00.57
486,DeepDDG,00.40
486,mCSM,00.36
486,Simba_IB,00.68
486,Simba_SYM,00.78
487,DeepDDG,00.81
487,mCSM,00.43
487,Simba_IB,00.52
487,Simba_SYM,00.81
488,DeepDDG,02.83
488,mCSM,01.05
488,Simba_IB,01.29
488,Simba_SYM,01.07
489,DeepDDG,01.71
489,mCSM,01.14
489,Simba_IB,00.55
489,Simba_SYM,00.37
490,DeepDDG,00.97
490,mCSM,00.98
490,Simba_IB,00.86
490,Simba_SYM,00.65
491,DeepDDG,02.73
491,mCSM,01.33
491,Simba_IB,01.06
491,Simba_SYM,01.00
492,DeepDDG,02.07
492,mCSM,01.27
492,Simba_IB,01.54
492,Simba_SYM,01.26
493,DeepDDG,00.55
493,mCSM,00.30
493,Simba_IB,00.40
493,Simba_SYM,00.41
494,DeepDDG,00.88
494,mCSM,00.36
494,Simba_IB,00.50
494,Simba_SYM,00.74
495,DeepDDG,02.52
495,mCSM,01.12
495,Simba_IB,02.05
495,Simba_SYM,01.76
496,DeepDDG,00.41
496,mCSM,00.31
496,Simba_IB,00.48
496,Simba_SYM,00.79
497,DeepDDG,01.97
497,mCSM,01.33
497,Simba_IB,01.72
497,Simba_SYM,01.39
498,DeepDDG,00.65
498,mCSM,00.41
498,Simba_IB,00.63
498,Simba_SYM,00.71
499,DeepDDG,01.11
499,mCSM,00.54
499,Simba_IB,00.34
499,Simba_SYM,00.34
500,DeepDDG,00.31
500,mCSM,00.31
500,Simba_IB,00.40
500,Simba_SYM,00.52
501,DeepDDG,00.92
501,mCSM,00.52
501,Simba_IB,00.60
501,Simba_SYM,00.94
502,DeepDDG,00.30
502,mCSM,00.50
502,Simba_IB,00.16
502,Simba_SYM,00.29
503,DeepDDG,01.03
503,mCSM,00.56
503,Simba_IB,00.44
503,Simba_SYM,00.35
504,DeepDDG,00.68
504,mCSM,00.82
504,Simba_IB,00.82
504,Simba_SYM,01.30
505,DeepDDG,00.75
505,mCSM,00.61
505,Simba_IB,00.96
505,Simba_SYM,00.74
506,DeepDDG,01.27
506,mCSM,00.91
506,Simba_IB,01.01
506,Simba_SYM,01.18
507,DeepDDG,03.55
507,mCSM,02.77
507,Simba_IB,01.40
507,Simba_SYM,01.13
508,DeepDDG,03.71
508,mCSM,02.53
508,Simba_IB,01.68
508,Simba_SYM,01.39
509,DeepDDG,02.23
509,mCSM,01.86
509,Simba_IB,00.84
509,Simba_SYM,00.79
510,DeepDDG,03.05
510,mCSM,01.29
510,Simba_IB,01.01
510,Simba_SYM,01.17
511,DeepDDG,03.82
511,mCSM,01.27
511,Simba_IB,01.44
511,Simba_SYM,01.41
512,DeepDDG,04.03
512,mCSM,01.70
512,Simba_IB,01.75
512,Simba_SYM,01.60
513,DeepDDG,02.55
513,mCSM,01.59
513,Simba_IB,01.29
513,Simba_SYM,00.85
514,DeepDDG,02.43
514,mCSM,00.40
514,Simba_IB,00.94
514,Simba_SYM,01.35
515,DeepDDG,03.36
515,mCSM,01.60
515,Simba_IB,02.30
515,Simba_SYM,01.97
516,DeepDDG,01.15
516,mCSM,00.56
516,Simba_IB,00.49
516,Simba_SYM,00.72
517,DeepDDG,02.34
517,mCSM,01.44
517,Simba_IB,01.75
517,Simba_SYM,01.42
518,DeepDDG,01.75
518,mCSM,00.99
518,Simba_IB,01.40
518,Simba_SYM,01.17
519,DeepDDG,00.45
519,mCSM,00.54
519,Simba_IB,00.54
519,Simba_SYM,00.57
520,DeepDDG,01.06
520,mCSM,01.00
520,Simba_IB,00.92
520,Simba_SYM,01.08
521,DeepDDG,01.70
521,mCSM,00.56
521,Simba_IB,00.53
521,Simba_SYM,00.55
522,DeepDDG,01.13
522,mCSM,00.97
522,Simba_IB,00.90
522,Simba_SYM,01.02
523,DeepDDG,01.12
523,mCSM,00.53
523,Simba_IB,00.72
523,Simba_SYM,00.81
524,DeepDDG,03.66
524,mCSM,01.44
524,Simba_IB,01.33
524,Simba_SYM,01.47
525,DeepDDG,03.05
525,mCSM,01.23
525,Simba_IB,01.22
525,Simba_SYM,01.35
526,DeepDDG,02.47
526,mCSM,00.93
526,Simba_IB,00.97
526,Simba_SYM,01.53
527,DeepDDG,00.63
527,mCSM,00.60
527,Simba_IB,00.42
527,Simba_SYM,00.43
528,DeepDDG,00.96
528,mCSM,00.37
528,Simba_IB,00.56
528,Simba_SYM,00.56
529,DeepDDG,00.34
529,mCSM,00.23
529,Simba_IB,00.57
529,Simba_SYM,00.76
530,DeepDDG,00.83
530,mCSM,00.50
530,Simba_IB,00.48
530,Simba_SYM,00.71
531,DeepDDG,01.85
531,mCSM,00.49
531,Simba_IB,00.44
531,Simba_SYM,00.47
